author,permalink,score,number_comments,post_date,percent_rank_number_comments_daily,percent_rank_score_daily
[deleted],/r/AskReddit/comments/e4g2nm/youre_a_burglar_but_you_only_steal_thing_to/,49749,27177,2019-12-01 11:18:30,1,0.999894599562658
DessoukyFN,/r/AskReddit/comments/e4l6x7/youre_laying_in_bed_home_alone_at_3_am_what_sound/,38363,15601,2019-12-01 18:19:21,0.999998594660835,0.999803252516962
nfl_gamethread,/r/nfl/comments/e4kgbx/game_thread_san_francisco_49ers_101_at_baltimore/,962,13677,2019-12-01 17:30:07,0.999997189321671,0.988959655523264
[deleted],/r/eagles/comments/e4kist/game_thread_philadelphia_eagles_56_at_miami/,128,11873,2019-12-01 17:34:39,0.999995783982506,0.942364230183312
CFB_Referee,/r/CFB/comments/e46gf2/postgame_thread_auburn_defeats_alabama_4845/,21735,8505,2019-12-01 00:30:16,0.999994378643342,0.999409757550887
hwsbot,/r/hardwareswap/comments/e4cqzg/december_confirmed_trade_thread/,74,7706,2019-12-01 07:00:02,0.999992973304177,0.914628456431675
AnimeFan7000,/r/AskReddit/comments/e4opl5/which_fictional_characters_shouldnt_have_died/,5579,7194,2019-12-01 22:10:57,0.999991567965013,0.997387474493094
srsly_its_so_ez,/r/politics/comments/e4gvuq/the_corporate_medias_war_against_bernie_sanders/,55025,7185,2019-12-01 12:31:12,0.999990162625848,0.999918490328456
nfl_gdt_bot,/r/49ers/comments/e4k0gy/game_thread_san_francisco_49ers_at_baltimore/,208,7034,2019-12-01 17:00:13,0.999988757286684,0.960480457353578
FantasyMod,/r/fantasyfootball/comments/e4kn0f/official_sunday_morning_game_thread/,91,6907,2019-12-01 17:42:30,0.999987351947519,0.92625482734003
